Command,Parameters,Command,Parameters,Command,Parameters,Command,Parameters,Command,Parameters,Command,Parameters,Command,Parameters,Command,Parameters,Command,Parameters,Command,Parameters,Exit Code,Total Time,Virtual Memory (kB),Real Memory (kB)
"#O',tml&i",'',6p(A\4)sX+,'',6X^uN,'',QV5],'',Au{&\Y,'',vp],'',@c,'',U<,'',cE,'',ZuIy!$VK,'',0,4.118149042129517,422912.0,9188.0
xq,'',nQpeK,'',-`&&C,'',eZO7,'',h,'',+Pv:J=Q,'',58-,'',:jw,'',):a>&kKk,'',Z,'',0,4.111647367477417,420348.0,9016.0
e,'',"MYl""<",'',"x""jPV",'',^ir,'',11@v)d*<,'',;]>,'',=[W2>+,'',$VKB(Op6,'',[*..\*,'',ew$n+M,'',0,4.111826181411743,420348.0,8956.0
jI,'',\.N{T/V/Y,'',H8bB;H=c,'',J(Pg,'',\#-Ny|Akg,'',pj4E@8&W8Y,'',uP7CkZFb,'',,'',m*^SF,'',i8i*DiY1,'',0,4.129400253295898,420348.0,8872.0
+n-},'',ptK/nv0]d(,'',qbQj,'',)o,'',uOw%,'',6RaB,'',,'',,'',W,'',?a!;,'',0,4.125872850418091,420348.0,9044.0
uN|+\VQAW,'',,'',",",'',,'',G.)W5FP{,'',",",'',0R-8*3A1`{,'',"9;3^H[2d""d",'',,'',vQG0,'',0,4.126800298690796,420348.0,9144.0
3(cw1,'',ISM,'',vZ,'',7GOCP2<,'',21C@,'',3mE#]_,'',,'',kb<g,'',>:M9,'',8a,'',0,4.12450647354126,420348.0,8124.0
-d*|6QRy,'',"2,Pc7_w9",'',"x,//uTyJ`",'',Sy!.:,'',+Jf7,'',.-W3,'',wSg,'',,'',"$tUz@`6]s""",'',{{p:I{8k#k,'',0,4.131668329238892,420348.0,8960.0
O'z[F1ow)9,'',)p,'',M|,'',^qo6*,'',j6j,'',,'',M,'',J)F5{C,'',ZY9FzbqFi,'',8M,'',0,4.127020359039307,420348.0,8524.0
xc;^wIX/,'',1,'',L2:fEH,'',k@&[ta)T,'',Wd?:,'',;0y9{R;8#,'',Q&+8,'',c},'',-(T{XG,'',4x,'',0,4.1279542446136475,357376.0,9304.0
